country,Population,rev_id
Palestinian Territory,Population not found,393276188
Czech Republic,Population not found,395521877
Czech Republic,Population not found,395526568
French Guiana,Population not found,546364151
Salvadoran,Population not found,566504165
Rhodesian,Population not found,574571582
"Congo, Dem. Rep. of",Population not found,592289232
Palestinian Territory,Population not found,596181202
Palestinian Territory,Population not found,633612729
East Timorese,Population not found,638566016
Faroese,Population not found,643932216
Faroese,Population not found,643932220
Faroese,Population not found,643932225
Faroese,Population not found,643932226
Faroese,Population not found,643932239
Faroese,Population not found,643932242
Cape Colony,Population not found,647367482
Cape Colony,Population not found,651250302
Cape Colony,Population not found,653467222
"Congo, Dem. Rep. of",Population not found,663088604
South Korean,Population not found,663348266
Cape Colony,Population not found,666596918
Rhodesian,Population not found,669387487
Cape Colony,Population not found,670210734
Samoan,Population not found,671515606
Czech Republic,Population not found,672862914
Czech Republic,Population not found,673008587
Montserratian,Population not found,674919905
Cape Colony,Population not found,676828191
Salvadoran,Population not found,679294949
Cape Colony,Population not found,680205631
Pitcairn Islands,Population not found,680532939
Palestinian Territory,Population not found,680933208
Rhodesian,Population not found,682576258
Saint Kitts and Nevis,Population not found,687127320
Cape Colony,Population not found,693624260
Abkhazia,Population not found,694519009
Faroese,Population not found,698865505
East Timorese,Population not found,699698855
Faroese,Population not found,700400143
Palestinian Territory,Population not found,701106976
Faroese,Population not found,701771698
Niuean,Population not found,703037968
Ivorian,Population not found,703133769
Martinique,Population not found,703216645
Carniolan,Population not found,703436823
South Korean,Population not found,703478926
Saint Kitts and Nevis,Population not found,703666654
Saint Lucian,Population not found,703819839
Czech Republic,Population not found,704424304
South African Republic,Population not found,704636517
Hondura,Population not found,704789339
Samoan,Population not found,704919844
Abkhazia,Population not found,704938340
Czech Republic,Population not found,705080136
Samoan,Population not found,705218371
Hondura,Population not found,705346284
Hondura,Population not found,705346304
Hondura,Population not found,705346378
Hondura,Population not found,705346396
Hondura,Population not found,705346462
Hondura,Population not found,705346724
Hondura,Population not found,705346741
Salvadoran,Population not found,705353491
Salvadoran,Population not found,705353565
Salvadoran,Population not found,705353584
Salvadoran,Population not found,705353647
Salvadoran,Population not found,705353678
Salvadoran,Population not found,705353843
Salvadoran,Population not found,705353896
Salvadoran,Population not found,705353975
Salvadoran,Population not found,705354095
Salvadoran,Population not found,705354112
Salvadoran,Population not found,705354212
Salvadoran,Population not found,705385310
"Congo, Dem. Rep. of",Population not found,705390654
Martinique,Population not found,705428274
"Congo, Dem. Rep. of",Population not found,705707214
"Congo, Dem. Rep. of",Population not found,705723187
"Congo, Dem. Rep. of",Population not found,705723441
Samoan,Population not found,706207837
Palestinian Territory,Population not found,706650943
Salvadoran,Population not found,706769596
Incan,Population not found,706771757
Samoan,Population not found,706804758
Samoan,Population not found,706837234
Chechen,Population not found,707217873
Salvadoran,Population not found,707399758
Salvadoran,Population not found,707400213
Salvadoran,Population not found,707403482
Salvadoran,Population not found,707404888
Salvadoran,Population not found,707519272
Samoan,Population not found,707525246
Samoan,Population not found,707525315
Czech Republic,Population not found,707597623
Palestinian Territory,Population not found,707669406
Samoan,Population not found,707750982
Hondura,Population not found,707824636
"Congo, Dem. Rep. of",Population not found,708009445
Salvadoran,Population not found,708089470
Palestinian Territory,Population not found,708269321
"Congo, Dem. Rep. of",Population not found,708358969
"Congo, Dem. Rep. of",Population not found,708359204
Palestinian Territory,Population not found,708495719
Ivorian,Population not found,708711840
Jersey,Population not found,708727189
Jersey,Population not found,708727221
Jersey,Population not found,708766654
Palestinian Territory,Population not found,708817890
Saint Kitts and Nevis,Population not found,709078753
Saint Kitts and Nevis,Population not found,709078817
Palestinian Territory,Population not found,709529097
Palestinian Territory,Population not found,709567584
Czech Republic,Population not found,709676840
Saint Lucian,Population not found,709912281
Saint Lucian,Population not found,709912316
Saint Lucian,Population not found,709914459
Palestinian Territory,Population not found,709994434
Palestinian Territory,Population not found,710133339
Jersey,Population not found,710334019
Palestinian Territory,Population not found,710390049
Saint Kitts and Nevis,Population not found,710428915
Jersey,Population not found,710503170
Salvadoran,Population not found,710543364
Guernsey,Population not found,710546915
Salvadoran,Population not found,710555824
Salvadoran,Population not found,710578840
Ivorian,Population not found,710585105
Hondura,Population not found,710598059
Palestinian Territory,Population not found,710676772
Salvadoran,Population not found,710677703
Salvadoran,Population not found,710828020
Palestinian Territory,Population not found,710990363
Hondura,Population not found,711170881
Rhodesian,Population not found,711506001
Czech Republic,Population not found,711675761
Rhodesian,Population not found,712233907
East Timorese,Population not found,712249441
Palestinian Territory,Population not found,712310215
Czech Republic,Population not found,712426548
Montserratian,Population not found,712713704
Ivorian,Population not found,713176326
"Congo, Dem. Rep. of",Population not found,713195149
"Congo, Dem. Rep. of",Population not found,713198718
Palestinian Territory,Population not found,713203735
Guadeloupe,Population not found,713324685
Ivorian,Population not found,713381693
Palestinian Territory,Population not found,713505054
"Congo, Dem. Rep. of",Population not found,713583472
Czech Republic,Population not found,713698544
Carniolan,Population not found,713766077
Martinique,Population not found,713974388
Faroese,Population not found,714088539
"Congo, Dem. Rep. of",Population not found,714150941
Czech Republic,Population not found,714174726
Palestinian Territory,Population not found,714176771
Palestinian Territory,Population not found,714181175
Ivorian,Population not found,714183793
Ivorian,Population not found,714200423
Palestinian Territory,Population not found,714208891
"Congo, Dem. Rep. of",Population not found,714220527
Samoan,Population not found,714244543
Salvadoran,Population not found,714256648
Palestinian Territory,Population not found,714586856
Ivorian,Population not found,714822110
Cape Colony,Population not found,715016315
Palestinian Territory,Population not found,715125381
Faroese,Population not found,715330944
Hondura,Population not found,715365023
Czech Republic,Population not found,715467197
Martinique,Population not found,715489433
Faroese,Population not found,715490721
Czech Republic,Population not found,715640391
Pitcairn Islands,Population not found,715823848
Pitcairn Islands,Population not found,715823876
Pitcairn Islands,Population not found,715823908
Faroese,Population not found,716137698
South Korean,Population not found,716323288
Saint Vincent and the Grenadines,Population not found,716335437
Saint Lucian,Population not found,716376965
Palestinian Territory,Population not found,716425885
Carniolan,Population not found,716507073
Carniolan,Population not found,716574519
South African Republic,Population not found,716703178
Czech Republic,Population not found,716711851
Hondura,Population not found,716882219
Palestinian Territory,Population not found,717174805
South Ossetian,Population not found,717215546
South Ossetian,Population not found,717241760
Pitcairn Islands,Population not found,717259837
Pitcairn Islands,Population not found,717338734
Pitcairn Islands,Population not found,717340951
Pitcairn Islands,Population not found,717340996
Pitcairn Islands,Population not found,717341064
Pitcairn Islands,Population not found,717345596
Pitcairn Islands,Population not found,717346443
Martinique,Population not found,717349591
Palestinian Territory,Population not found,717350346
Carniolan,Population not found,717350390
Pitcairn Islands,Population not found,717350782
South Korean,Population not found,717405394
Czech Republic,Population not found,717429365
Samoan,Population not found,717442173
Cook Island,Population not found,717545630
Cook Island,Population not found,717593716
Carniolan,Population not found,717669055
Hondura,Population not found,717808509
Pitcairn Islands,Population not found,717867039
Cook Island,Population not found,717897925
Salvadoran,Population not found,717903674
Palestinian Territory,Population not found,717907429
Jersey,Population not found,717911161
Omani,Population not found,717915660
Guadeloupe,Population not found,718041739
Hondura,Population not found,718132526
Cape Colony,Population not found,718462130
"Congo, Dem. Rep. of",Population not found,718961623
Samoan,Population not found,718995854
Guernsey,Population not found,719122168
Cook Island,Population not found,719186872
Montserratian,Population not found,719256142
Hondura,Population not found,719637124
Samoan,Population not found,719691980
Pitcairn Islands,Population not found,719706841
East Timorese,Population not found,720011934
Czech Republic,Population not found,720027362
Guadeloupe,Population not found,720032116
Guadeloupe,Population not found,720040455
Guadeloupe,Population not found,720040633
Guadeloupe,Population not found,720040679
Guadeloupe,Population not found,720040713
Guadeloupe,Population not found,720040739
Martinique,Population not found,720040766
French Guiana,Population not found,720040781
French Guiana,Population not found,720040911
Guadeloupe,Population not found,720047704
Martinique,Population not found,720051482
Martinique,Population not found,720051522
Martinique,Population not found,720051537
Guadeloupe,Population not found,720055613
Guadeloupe,Population not found,720055699
Guadeloupe,Population not found,720055763
Guadeloupe,Population not found,720055814
Guadeloupe,Population not found,720055877
Guadeloupe,Population not found,720055937
Martinique,Population not found,720059715
Martinique,Population not found,720059792
Martinique,Population not found,720116944
Guadeloupe,Population not found,720117073
Guadeloupe,Population not found,720117155
Guadeloupe,Population not found,720117294
Martinique,Population not found,720127025
Martinique,Population not found,720127121
Palestinian Territory,Population not found,720225559
Saint Kitts and Nevis,Population not found,720360218
Salvadoran,Population not found,720419598
Jersey,Population not found,720430005
Tokelauan,Population not found,720435378
French Guiana,Population not found,720461524
Salvadoran,Population not found,720478176
Palestinian Territory,Population not found,720541817
Saint Kitts and Nevis,Population not found,720572188
Salvadoran,Population not found,720623176
Salvadoran,Population not found,720633452
"Congo, Dem. Rep. of",Population not found,720858135
Abkhazia,Population not found,721094337
"Congo, Dem. Rep. of",Population not found,721206007
Guadeloupe,Population not found,721660701
South Ossetian,Population not found,721687759
Czech Republic,Population not found,721736524
French Guiana,Population not found,721865198
Faroese,Population not found,721938213
Hondura,Population not found,722006681
Hondura,Population not found,722195895
Omani,Population not found,722258362
Guernsey,Population not found,722295712
Faroese,Population not found,722336332
Faroese,Population not found,722336979
Hondura,Population not found,722442093
Faroese,Population not found,722590461
Guernsey,Population not found,722806951
Czech Republic,Population not found,722937211
Jersey,Population not found,722988899
South Korean,Population not found,723064614
Swaziland,Population not found,723121670
Czech Republic,Population not found,723151837
Samoan,Population not found,723152770
Hondura,Population not found,723153856
Czech Republic,Population not found,723207013
Salvadoran,Population not found,723277343
Hondura,Population not found,723304712
Cape Colony,Population not found,723563811
Dagestani,Population not found,723563977
Abkhazia,Population not found,723736482
Saint Kitts and Nevis,Population not found,723892438
"Congo, Dem. Rep. of",Population not found,723913158
Faroese,Population not found,724674137
Czech Republic,Population not found,724691268
Jersey,Population not found,724891592
Cape Colony,Population not found,724976433
Faroese,Population not found,725030656
Hondura,Population not found,725105423
"Congo, Dem. Rep. of",Population not found,725141090
Faroese,Population not found,725288194
Hondura,Population not found,725343188
Czech Republic,Population not found,725362978
Hondura,Population not found,725459626
Saint Vincent and the Grenadines,Population not found,725462724
Ivorian,Population not found,725560428
Hondura,Population not found,725591760
Palestinian Territory,Population not found,725592476
Jersey,Population not found,725737326
Guadeloupe,Population not found,725882471
Saint Lucian,Population not found,725910626
Guernsey,Population not found,725970969
Montserratian,Population not found,725980651
Hondura,Population not found,726246603
Saint Lucian,Population not found,726374537
Carniolan,Population not found,726434981
Czech Republic,Population not found,726666131
Samoan,Population not found,726724077
Samoan,Population not found,726724455
Czech Republic,Population not found,726762194
Hondura,Population not found,726766670
Omani,Population not found,726862168
Greenlandic,Population not found,728026000
Martinique,Population not found,728154475
Cook Island,Population not found,728378933
Czech Republic,Population not found,728506208
Ivorian,Population not found,729142061
Faroese,Population not found,729422866
Omani,Population not found,729426899
Guernsey,Population not found,729428763
Carniolan,Population not found,729435354
Palestinian Territory,Population not found,729635985
Guadeloupe,Population not found,729810276
Czech Republic,Population not found,729912438
Czech Republic,Population not found,730146355
Palestinian Territory,Population not found,730565205
Palestinian Territory,Population not found,730612889
Saint Lucian,Population not found,730756593
Salvadoran,Population not found,730854147
Salvadoran,Population not found,730864227
Pitcairn Islands,Population not found,731458576
Cape Colony,Population not found,731817397
Cape Colony,Population not found,731908828
Martinique,Population not found,732059763
Tokelauan,Population not found,732100626
French Guiana,Population not found,732283076
Martinique,Population not found,732488768
"Congo, Dem. Rep. of",Population not found,733051797
Ivorian,Population not found,733596387
Salvadoran,Population not found,733791467
Palestinian Territory,Population not found,734366909
Faroese,Population not found,734668075
Czech Republic,Population not found,735174171
Ivorian,Population not found,735408389
Faroese,Population not found,735578210
Salvadoran,Population not found,736491718
South African Republic,Population not found,736854878
Saint Lucian,Population not found,736890123
Saint Lucian,Population not found,736890129
Jersey,Population not found,737014330
Saint Kitts and Nevis,Population not found,737165159
Montserratian,Population not found,737169369
Palestinian Territory,Population not found,737316891
Cape Colony,Population not found,737348283
"Congo, Dem. Rep. of",Population not found,737533634
French Guiana,Population not found,737536891
Czech Republic,Population not found,737562321
East Timorese,Population not found,737687072
Cook Island,Population not found,737975585
Salvadoran,Population not found,738362225
Palestinian Territory,Population not found,738485209
Carniolan,Population not found,738955897
Samoan,Population not found,738999542
Samoan,Population not found,739170575
Samoan,Population not found,739170586
Samoan,Population not found,739170620
Samoan,Population not found,739170646
Samoan,Population not found,739170663
Saint Vincent and the Grenadines,Population not found,739296460
Palestinian Territory,Population not found,740251014
Palestinian Territory,Population not found,740562507
Samoan,Population not found,740773350
Jersey,Population not found,740998059
Salvadoran,Population not found,741190933
Palestinian Territory,Population not found,741240899
Czech Republic,Population not found,741588720
Martinique,Population not found,741659376
Carniolan,Population not found,741794691
Czech Republic,Population not found,741798984
Greenlandic,Population not found,742150479
Salvadoran,Population not found,742279612
Hondura,Population not found,742298045
Jersey,Population not found,742413962
"Congo, Dem. Rep. of",Population not found,742707920
Guernsey,Population not found,742737553
Palestinian Territory,Population not found,742810698
Guernsey,Population not found,742872067
Guernsey,Population not found,742872751
Palestinian Territory,Population not found,742930612
Ossetian,Population not found,743018109
"Congo, Dem. Rep. of",Population not found,743061455
Salvadoran,Population not found,743252984
Czech Republic,Population not found,743423675
Ivorian,Population not found,743428650
Palestinian Territory,Population not found,744229617
Tokelauan,Population not found,744394596
Czech Republic,Population not found,744448745
Ivorian,Population not found,744522699
Czech Republic,Population not found,744612257
Carniolan,Population not found,744636212
Palestinian Territory,Population not found,744680083
Ivorian,Population not found,744920472
Martinique,Population not found,745174732
Samoan,Population not found,745204530
Jersey,Population not found,745348113
Palestinian Territory,Population not found,745445418
Hondura,Population not found,745838578
Saint Vincent and the Grenadines,Population not found,745928420
Hondura,Population not found,746117875
Palestinian Territory,Population not found,746561126
Martinique,Population not found,746619744
Czech Republic,Population not found,746707985
Cape Colony,Population not found,746923352
Rhodesian,Population not found,747497059
Swaziland,Population not found,747579157
Carniolan,Population not found,747945423
South Ossetian,Population not found,748071193
Pitcairn Islands,Population not found,748179514
Martinique,Population not found,748274199
Guadeloupe,Population not found,748274502
Guadeloupe,Population not found,748274939
Samoan,Population not found,748298776
Samoan,Population not found,748384437
Salvadoran,Population not found,748418081
Guernsey,Population not found,748457839
Samoan,Population not found,748477510
Faroese,Population not found,748477895
Hondura,Population not found,748832681
Pitcairn Islands,Population not found,749046736
Hondura,Population not found,749185736
"Congo, Dem. Rep. of",Population not found,749397818
"Congo, Dem. Rep. of",Population not found,749419078
Czech Republic,Population not found,749575931
Hondura,Population not found,749663646
Hondura,Population not found,749695259
French Guiana,Population not found,749748234
Ivorian,Population not found,749766207
Czech Republic,Population not found,749945936
South Ossetian,Population not found,749962491
Salvadoran,Population not found,749973666
Salvadoran,Population not found,749976455
Faroese,Population not found,750074079
Faroese,Population not found,750167873
Cape Colony,Population not found,750299694
"Congo, Dem. Rep. of",Population not found,750725157
Ivorian,Population not found,750972336
"Congo, Dem. Rep. of",Population not found,751152656
"Congo, Dem. Rep. of",Population not found,751361476
Pitcairn Islands,Population not found,751464749
Czech Republic,Population not found,751718674
Palestinian Territory,Population not found,752269980
Czech Republic,Population not found,753045804
East Timorese,Population not found,753061850
"Congo, Dem. Rep. of",Population not found,753704394
Jersey,Population not found,754330569
"Congo, Dem. Rep. of",Population not found,754344309
Pitcairn Islands,Population not found,754790610
Pitcairn Islands,Population not found,754935959
Pitcairn Islands,Population not found,754935982
Palestinian Territory,Population not found,754951299
Faroese,Population not found,754952121
Faroese,Population not found,754952298
Faroese,Population not found,754952557
Faroese,Population not found,754952620
Faroese,Population not found,754952690
Palestinian Territory,Population not found,754960024
Abkhazia,Population not found,755193428
Guadeloupe,Population not found,755313899
Palestinian Territory,Population not found,755358806
Czech Republic,Population not found,755428089
Cook Island,Population not found,755442454
Ivorian,Population not found,755479236
Carniolan,Population not found,755713654
East Timorese,Population not found,755908563
East Timorese,Population not found,755908564
Ivorian,Population not found,756060260
Czech Republic,Population not found,756317863
"Congo, Dem. Rep. of",Population not found,756510063
Faroese,Population not found,756602743
Faroese,Population not found,756654638
Faroese,Population not found,756654880
Greenlandic,Population not found,756830216
Palestinian Territory,Population not found,756834998
Palestinian Territory,Population not found,756836183
Saint Lucian,Population not found,757044849
Guadeloupe,Population not found,757050656
Cook Island,Population not found,757064438
Cook Island,Population not found,757064793
Cook Island,Population not found,757064845
Cook Island,Population not found,757065079
Cook Island,Population not found,757065152
Montserratian,Population not found,757086597
Montserratian,Population not found,757086621
Hondura,Population not found,757092750
Greenlandic,Population not found,757102071
Greenlandic,Population not found,757103267
Palauan,Population not found,757106724
Samoan,Population not found,757107378
Samoan,Population not found,757107952
Omani,Population not found,757164616
Czech Republic,Population not found,757336278
Ossetian,Population not found,757343822
Greenlandic,Population not found,757539811
East Timorese,Population not found,757539934
Greenlandic,Population not found,757539958
Cook Island,Population not found,757540405
Swaziland,Population not found,757540600
Hondura,Population not found,757561950
Samoan,Population not found,757562316
Palestinian Territory,Population not found,757565638
Saint Lucian,Population not found,757615710
Samoan,Population not found,757616961
Hondura,Population not found,757617005
Salvadoran,Population not found,757618572
"Congo, Dem. Rep. of",Population not found,757821887
Cape Colony,Population not found,757832561
Saint Kitts and Nevis,Population not found,757950077
Salvadoran,Population not found,757977772
Salvadoran,Population not found,758287489
Salvadoran,Population not found,758288293
Czech Republic,Population not found,758942647
Samoan,Population not found,758953501
Palestinian Territory,Population not found,759387598
Czech Republic,Population not found,759446334
South Korean,Population not found,760062536
Ivorian,Population not found,760303900
Ivorian,Population not found,760304267
Palestinian Territory,Population not found,760357919
Palestinian Territory,Population not found,760375386
Palestinian Territory,Population not found,760380012
Palestinian Territory,Population not found,760380700
Ivorian,Population not found,760393381
Saint Lucian,Population not found,760443772
South Ossetian,Population not found,760473086
South Ossetian,Population not found,760473130
South Ossetian,Population not found,760473192
South Ossetian,Population not found,760473237
South Ossetian,Population not found,760473273
East Timorese,Population not found,760534473
Omani,Population not found,760558966
Montserratian,Population not found,762009545
Guadeloupe,Population not found,762128875
Samoan,Population not found,762572848
Palauan,Population not found,762610456
Chechen,Population not found,762868684
Saint Vincent and the Grenadines,Population not found,762906552
Guernsey,Population not found,762910285
"Congo, Dem. Rep. of",Population not found,763323939
Rhodesian,Population not found,763530115
Rhodesian,Population not found,763533706
Rhodesian,Population not found,763540238
Greenlandic,Population not found,763742018
Niuean,Population not found,763768679
Cook Island,Population not found,763769083
Cook Island,Population not found,763769086
Cook Island,Population not found,763769088
Cook Island,Population not found,763769233
Cook Island,Population not found,763769688
Cook Island,Population not found,763770488
Cook Island,Population not found,763774025
Cook Island,Population not found,763774066
Cook Island,Population not found,763774069
Cook Island,Population not found,763775030
Cook Island,Population not found,763775034
Cook Island,Population not found,763775035
Cook Island,Population not found,763775867
Cook Island,Population not found,763775893
Cook Island,Population not found,763776103
Cook Island,Population not found,763776191
Cook Island,Population not found,763776193
Cook Island,Population not found,763776229
Cook Island,Population not found,763776231
Cook Island,Population not found,763776235
Cook Island,Population not found,763776270
Cook Island,Population not found,763776271
Cook Island,Population not found,763776737
Cook Island,Population not found,763776768
Cook Island,Population not found,763776806
Cook Island,Population not found,763776808
Cook Island,Population not found,763776856
Cook Island,Population not found,763776860
Rhodesian,Population not found,763870152
"Congo, Dem. Rep. of",Population not found,763943185
Rhodesian,Population not found,763951988
Palauan,Population not found,764341685
Ivorian,Population not found,764345360
Guadeloupe,Population not found,764397748
Pitcairn Islands,Population not found,764601118
Hondura,Population not found,764646645
"Congo, Dem. Rep. of",Population not found,764771546
"Congo, Dem. Rep. of",Population not found,764771615
"Congo, Dem. Rep. of",Population not found,764771652
"Congo, Dem. Rep. of",Population not found,764771697
"Congo, Dem. Rep. of",Population not found,764791046
Palauan,Population not found,765032190
Palauan,Population not found,765102210
Guadeloupe,Population not found,765272796
Cape Colony,Population not found,765333482
Salvadoran,Population not found,765528693
"Congo, Dem. Rep. of",Population not found,765570258
East Timorese,Population not found,765600414
Chechen,Population not found,765616552
Palestinian Territory,Population not found,765742925
"Congo, Dem. Rep. of",Population not found,765799138
"Congo, Dem. Rep. of",Population not found,765799213
"Congo, Dem. Rep. of",Population not found,765834828
Czech Republic,Population not found,765838180
"Congo, Dem. Rep. of",Population not found,765871730
"Congo, Dem. Rep. of",Population not found,765923988
"Congo, Dem. Rep. of",Population not found,765924619
"Congo, Dem. Rep. of",Population not found,765925554
Faroese,Population not found,765947137
Faroese,Population not found,765947416
Niuean,Population not found,766068997
Niuean,Population not found,766068998
Niuean,Population not found,766069253
Niuean,Population not found,766069256
Niuean,Population not found,766069372
Niuean,Population not found,766069407
Niuean,Population not found,766069520
Niuean,Population not found,766069576
South Ossetian,Population not found,766130279
Jersey,Population not found,766480006
Ivorian,Population not found,766524815
"Congo, Dem. Rep. of",Population not found,766647953
Salvadoran,Population not found,766757526
Palestinian Territory,Population not found,766784372
Cook Island,Population not found,766806728
Palestinian Territory,Population not found,766840809
Rhodesian,Population not found,766847256
Palestinian Territory,Population not found,766847361
Cook Island,Population not found,767048874
Cook Island,Population not found,767048881
Guadeloupe,Population not found,767102866
Omani,Population not found,767183600
Palauan,Population not found,767195006
Martinique,Population not found,767223939
Ivorian,Population not found,767265950
Guadeloupe,Population not found,767288808
Samoan,Population not found,767363297
Palestinian Territory,Population not found,767482479
Cape Colony,Population not found,767856232
Palestinian Territory,Population not found,767881055
Omani,Population not found,767885927
Cook Island,Population not found,767994335
Czech Republic,Population not found,768047769
"Congo, Dem. Rep. of",Population not found,768228272
Ivorian,Population not found,768302622
Palestinian Territory,Population not found,768374386
Guernsey,Population not found,768625520
"Congo, Dem. Rep. of",Population not found,768670214
Czech Republic,Population not found,768676716
Montserratian,Population not found,768679602
Palestinian Territory,Population not found,769135700
Palestinian Territory,Population not found,769328020
Carniolan,Population not found,769425247
Salvadoran,Population not found,769575358
Ivorian,Population not found,769591168
Niuean,Population not found,770018880
Montserratian,Population not found,770131970
South Korean,Population not found,770622878
South Korean,Population not found,770623036
Salvadoran,Population not found,770682721
Ivorian,Population not found,770710515
South Korean,Population not found,770757174
Greenlandic,Population not found,770757601
South Korean,Population not found,770760118
Saint Lucian,Population not found,770812205
Saint Lucian,Population not found,770813700
Saint Lucian,Population not found,770814043
Saint Vincent and the Grenadines,Population not found,770827509
Saint Vincent and the Grenadines,Population not found,770829069
Tokelauan,Population not found,770994352
Saint Vincent and the Grenadines,Population not found,771015590
Cape Colony,Population not found,771024710
Niuean,Population not found,771152922
Palestinian Territory,Population not found,771217707
Samoan,Population not found,771267864
Montserratian,Population not found,771351774
Montserratian,Population not found,771351955
Montserratian,Population not found,771352057
Tokelauan,Population not found,771460602
Samoan,Population not found,771651038
"Congo, Dem. Rep. of",Population not found,772045942
Chechen,Population not found,772274868
"Congo, Dem. Rep. of",Population not found,772317052
South African Republic,Population not found,772410051
"Congo, Dem. Rep. of",Population not found,772818039
East Timorese,Population not found,772890380
Palestinian Territory,Population not found,773002344
Martinique,Population not found,773080765
Palestinian Territory,Population not found,773227993
Jersey,Population not found,773230341
Saint Lucian,Population not found,773251387
Jersey,Population not found,773316732
Palauan,Population not found,773405868
Hondura,Population not found,773563309
Czech Republic,Population not found,773853256
Faroese,Population not found,773895078
"Congo, Dem. Rep. of",Population not found,774263410
South Korean,Population not found,774367693
Ossetian,Population not found,774555176
Jersey,Population not found,774568909
Czech Republic,Population not found,774595725
"Congo, Dem. Rep. of",Population not found,774679596
Ivorian,Population not found,774756970
Saint Kitts and Nevis,Population not found,774778329
Palestinian Territory,Population not found,774821388
Rhodesian,Population not found,774837666
Salvadoran,Population not found,774857245
Omani,Population not found,774877670
South Korean,Population not found,775234175
Saint Lucian,Population not found,775241473
South Korean,Population not found,775458263
South Korean,Population not found,775458608
South Korean,Population not found,775458639
Cape Colony,Population not found,775481498
Palestinian Territory,Population not found,775535912
Palestinian Territory,Population not found,775898615
Niuean,Population not found,775947817
Czech Republic,Population not found,776095794
Czech Republic,Population not found,776197284
Palestinian Territory,Population not found,776289919
South African Republic,Population not found,776299184
Czech Republic,Population not found,776338134
Czech Republic,Population not found,776338195
Ivorian,Population not found,776348888
"Congo, Dem. Rep. of",Population not found,776372644
Saint Lucian,Population not found,776374386
Palestinian Territory,Population not found,776386870
Czech Republic,Population not found,776487173
Czech Republic,Population not found,776508129
Czech Republic,Population not found,776509425
Czech Republic,Population not found,776513404
Czech Republic,Population not found,776513552
Czech Republic,Population not found,776513802
Czech Republic,Population not found,776514175
Cape Colony,Population not found,776725178
Czech Republic,Population not found,776751749
Palestinian Territory,Population not found,776831011
South Korean,Population not found,777008205
Palestinian Territory,Population not found,777026878
South Korean,Population not found,777070214
Palauan,Population not found,777304756
Hondura,Population not found,777334919
Carniolan,Population not found,777587526
Carniolan,Population not found,777588436
Hondura,Population not found,777592070
Salvadoran,Population not found,777601256
Salvadoran,Population not found,777602660
Salvadoran,Population not found,777612972
Salvadoran,Population not found,777613551
Salvadoran,Population not found,777613737
Salvadoran,Population not found,777613786
Hondura,Population not found,777669643
Salvadoran,Population not found,777685186
Salvadoran,Population not found,777698313
Hondura,Population not found,777796210
Czech Republic,Population not found,777876483
Czech Republic,Population not found,778095433
Greenlandic,Population not found,778461046
Saint Kitts and Nevis,Population not found,778464259
Salvadoran,Population not found,778564487
Palauan,Population not found,778679721
Cook Island,Population not found,778717694
Cook Island,Population not found,778763952
Cook Island,Population not found,778789714
South Korean,Population not found,778915319
South Korean,Population not found,778916810
Palestinian Territory,Population not found,779034357
Cape Colony,Population not found,779046359
Pitcairn Islands,Population not found,779056744
Palestinian Territory,Population not found,779105366
Palestinian Territory,Population not found,779367907
Niuean,Population not found,779369629
Niuean,Population not found,779369671
Niuean,Population not found,779369724
Niuean,Population not found,779369750
Saint Kitts and Nevis,Population not found,779378782
Saint Kitts and Nevis,Population not found,779379168
Czech Republic,Population not found,779417455
Czech Republic,Population not found,779417738
Czech Republic,Population not found,779418369
Czech Republic,Population not found,779498276
Czech Republic,Population not found,779500408
Czech Republic,Population not found,779500749
Czech Republic,Population not found,779500957
Czech Republic,Population not found,779501010
Czech Republic,Population not found,779501096
Czech Republic,Population not found,779501161
Czech Republic,Population not found,779501194
Czech Republic,Population not found,779501654
Czech Republic,Population not found,779501783
South Korean,Population not found,779544705
South Korean,Population not found,779544873
Hondura,Population not found,779557210
East Timorese,Population not found,779579546
Czech Republic,Population not found,779581127
Ivorian,Population not found,779741800
Czech Republic,Population not found,779839245
Czech Republic,Population not found,779839319
Czech Republic,Population not found,779839400
Czech Republic,Population not found,779839455
Czech Republic,Population not found,779839492
Czech Republic,Population not found,779842639
Czech Republic,Population not found,779847262
Czech Republic,Population not found,779847492
Czech Republic,Population not found,779847531
Czech Republic,Population not found,779847687
Czech Republic,Population not found,779847799
Czech Republic,Population not found,779847837
Czech Republic,Population not found,779847883
Czech Republic,Population not found,779848743
Czech Republic,Population not found,779849059
Czech Republic,Population not found,779849258
Czech Republic,Population not found,779849694
Czech Republic,Population not found,779849767
Salvadoran,Population not found,779894617
Salvadoran,Population not found,779931580
"Congo, Dem. Rep. of",Population not found,780035740
Czech Republic,Population not found,780051829
South Korean,Population not found,780227423
Saint Lucian,Population not found,780250934
Rhodesian,Population not found,780260926
Carniolan,Population not found,780281974
Czech Republic,Population not found,780321961
Faroese,Population not found,780361487
Czech Republic,Population not found,780534080
Czech Republic,Population not found,780534267
Greenlandic,Population not found,780537008
Faroese,Population not found,780543271
Faroese,Population not found,780543417
Faroese,Population not found,780543635
Faroese,Population not found,780543692
Salvadoran,Population not found,780552804
Salvadoran,Population not found,780701356
"Congo, Dem. Rep. of",Population not found,780757242
Samoan,Population not found,780759402
Czech Republic,Population not found,780868492
Czech Republic,Population not found,780887131
Czech Republic,Population not found,780921783
Salvadoran,Population not found,781102914
South Korean,Population not found,781133659
South Korean,Population not found,781134255
Montserratian,Population not found,781452925
Faroese,Population not found,781915668
Czech Republic,Population not found,782058966
Palestinian Territory,Population not found,782105397
Samoan,Population not found,782134923
"Congo, Dem. Rep. of",Population not found,782350026
Saint Lucian,Population not found,782356881
Czech Republic,Population not found,782384016
Chechen,Population not found,782430810
Samoan,Population not found,782465136
South Korean,Population not found,782498395
Salvadoran,Population not found,782520448
Rhodesian,Population not found,782602484
"Congo, Dem. Rep. of",Population not found,782618365
Ossetian,Population not found,782634776
South Korean,Population not found,782649404
Salvadoran,Population not found,782652818
Palauan,Population not found,782714724
Pitcairn Islands,Population not found,782764117
Samoan,Population not found,782768517
"Congo, Dem. Rep. of",Population not found,782825984
Palestinian Territory,Population not found,783041670
Czech Republic,Population not found,783065752
Omani,Population not found,783116680
Rhodesian,Population not found,783150296
Rhodesian,Population not found,783150589
Cape Colony,Population not found,783249147
Cape Colony,Population not found,783250295
Rhodesian,Population not found,783301534
Guadeloupe,Population not found,783350704
"Congo, Dem. Rep. of",Population not found,783354232
Saint Kitts and Nevis,Population not found,783358108
South African Republic,Population not found,783371989
Salvadoran,Population not found,783472679
Hondura,Population not found,783532382
Hondura,Population not found,783534612
Saint Lucian,Population not found,783539672
Samoan,Population not found,783679600
Czech Republic,Population not found,783711789
Czech Republic,Population not found,783737915
Pitcairn Islands,Population not found,783746509
Montserratian,Population not found,783821985
Incan,Population not found,783850857
Chechen,Population not found,783907075
Hondura,Population not found,784048015
Jersey,Population not found,784051930
Czech Republic,Population not found,784145485
Chechen,Population not found,784167327
"Congo, Dem. Rep. of",Population not found,784182810
Saint Kitts and Nevis,Population not found,784208810
Palestinian Territory,Population not found,784373796
Ivorian,Population not found,784395089
Samoan,Population not found,784413731
Faroese,Population not found,784440060
Jersey,Population not found,784462137
Salvadoran,Population not found,784506431
Rhodesian,Population not found,784562559
Palestinian Territory,Population not found,784662302
Cook Island,Population not found,784686871
Guernsey,Population not found,784691815
Cape Colony,Population not found,784693349
Saint Vincent and the Grenadines,Population not found,784724223
Cape Colony,Population not found,784726341
Rhodesian,Population not found,784757829
Rhodesian,Population not found,784758963
Cape Colony,Population not found,784765242
Rhodesian,Population not found,784769027
Guernsey,Population not found,784770354
Saint Vincent and the Grenadines,Population not found,784784479
Cook Island,Population not found,784786128
Rhodesian,Population not found,784826325
Czech Republic,Population not found,784826685
Czech Republic,Population not found,784826720
Cape Colony,Population not found,784829553
Rhodesian,Population not found,784830601
Rhodesian,Population not found,784831407
Jersey,Population not found,784849252
Montserratian,Population not found,784856577
Cape Colony,Population not found,784862369
Rhodesian,Population not found,784870217
Montserratian,Population not found,784875662
Czech Republic,Population not found,784968648
Rhodesian,Population not found,784974615
Palestinian Territory,Population not found,784977752
Czech Republic,Population not found,785085345
Saint Lucian,Population not found,785101569
Dagestani,Population not found,785202362
Salvadoran,Population not found,785229840
South Korean,Population not found,785317852
Czech Republic,Population not found,785407597
Pitcairn Islands,Population not found,785508390
Dagestani,Population not found,785532389
Samoan,Population not found,785553682
Cape Colony,Population not found,785566972
Swaziland,Population not found,785654533
Palestinian Territory,Population not found,785938135
Palestinian Territory,Population not found,785938199
Palestinian Territory,Population not found,785938222
Salvadoran,Population not found,786063735
Salvadoran,Population not found,786068145
Cape Colony,Population not found,786142993
Czech Republic,Population not found,786162238
Hondura,Population not found,786165176
Jersey,Population not found,786175308
Abkhazia,Population not found,786203824
Chechen,Population not found,786231010
Tokelauan,Population not found,786375181
French Guiana,Population not found,786385007
Czech Republic,Population not found,786399604
Salvadoran,Population not found,786492357
Salvadoran,Population not found,786492366
"Congo, Dem. Rep. of",Population not found,786579616
Rhodesian,Population not found,786601705
Czech Republic,Population not found,786612217
Cook Island,Population not found,786648340
Rhodesian,Population not found,786659504
"Congo, Dem. Rep. of",Population not found,786751925
Samoan,Population not found,786776338
Cape Colony,Population not found,786803200
"Congo, Dem. Rep. of",Population not found,786874201
Cape Colony,Population not found,786916027
Cape Colony,Population not found,786972727
Palauan,Population not found,786992351
Jersey,Population not found,787012860
Jersey,Population not found,787046159
Cook Island,Population not found,787050138
Rhodesian,Population not found,787105083
Martinique,Population not found,787128336
Rhodesian,Population not found,787147677
Chechen,Population not found,787163671
Palestinian Territory,Population not found,787198183
Cook Island,Population not found,787227714
Ivorian,Population not found,787310676
Guadeloupe,Population not found,787332894
"Congo, Dem. Rep. of",Population not found,787378464
Palestinian Territory,Population not found,787385830
Greenlandic,Population not found,787423025
Ivorian,Population not found,787437447
Palestinian Territory,Population not found,787447130
Palestinian Territory,Population not found,787453135
Samoan,Population not found,787519332
Cape Colony,Population not found,787552653
"Congo, Dem. Rep. of",Population not found,787602247
South African Republic,Population not found,787611475
Guadeloupe,Population not found,787680195
Palestinian Territory,Population not found,787691185
"Congo, Dem. Rep. of",Population not found,787715913
"Congo, Dem. Rep. of",Population not found,787716080
"Congo, Dem. Rep. of",Population not found,787797355
Rhodesian,Population not found,787854502
Omani,Population not found,787929352
Czech Republic,Population not found,787952395
Czech Republic,Population not found,787952868
Guernsey,Population not found,787954113
Guernsey,Population not found,787954138
Jersey,Population not found,787955357
Jersey,Population not found,787955613
Jersey,Population not found,787956265
Jersey,Population not found,787956300
Jersey,Population not found,787956364
Jersey,Population not found,787956392
Jersey,Population not found,787956492
Jersey,Population not found,787956513
Jersey,Population not found,787956597
Jersey,Population not found,787957954
Saint Kitts and Nevis,Population not found,787971501
Saint Vincent and the Grenadines,Population not found,787976333
"Congo, Dem. Rep. of",Population not found,787978838
Palestinian Territory,Population not found,788004334
Czech Republic,Population not found,788015952
East Timorese,Population not found,788017619
Palestinian Territory,Population not found,788019130
Palestinian Territory,Population not found,788023506
"Congo, Dem. Rep. of",Population not found,788024194
Palestinian Territory,Population not found,788026998
"Congo, Dem. Rep. of",Population not found,788054013
Ivorian,Population not found,788065543
Cape Colony,Population not found,788098639
Czech Republic,Population not found,788121309
Palestinian Territory,Population not found,788159128
Czech Republic,Population not found,788178766
Palestinian Territory,Population not found,788189214
Saint Kitts and Nevis,Population not found,788231533
Guadeloupe,Population not found,788239179
Cook Island,Population not found,788240713
Salvadoran,Population not found,788264133
Martinique,Population not found,788271645
Pitcairn Islands,Population not found,788318957
Ivorian,Population not found,788330706
Cape Colony,Population not found,788361321
Czech Republic,Population not found,788410657
Ivorian,Population not found,788421683
Palestinian Territory,Population not found,788437086
Guernsey,Population not found,788446515
Salvadoran,Population not found,788447923
East Timorese,Population not found,788450147
Ivorian,Population not found,788462808
"Congo, Dem. Rep. of",Population not found,788465848
Ivorian,Population not found,788498433
Cook Island,Population not found,788499686
Palestinian Territory,Population not found,788509815
Palauan,Population not found,788566799
Palauan,Population not found,788566961
Palauan,Population not found,788567219
Palestinian Territory,Population not found,788591724
Samoan,Population not found,788649434
Saint Vincent and the Grenadines,Population not found,788672768
Cape Colony,Population not found,788717893
Saint Lucian,Population not found,788727127
Martinique,Population not found,788793894
French Guiana,Population not found,788799439
Martinique,Population not found,788807319
French Guiana,Population not found,788807577
Guadeloupe,Population not found,788807612
Guadeloupe,Population not found,788810121
Guadeloupe,Population not found,788814960
Guadeloupe,Population not found,788815849
Ivorian,Population not found,788825623
Ivorian,Population not found,788825785
Martinique,Population not found,788825794
Martinique,Population not found,788825979
Guadeloupe,Population not found,788826068
Martinique,Population not found,788827072
Guadeloupe,Population not found,788827709
Guadeloupe,Population not found,788827724
Ivorian,Population not found,788827789
French Guiana,Population not found,788827828
Omani,Population not found,788828342
French Guiana,Population not found,788828507
French Guiana,Population not found,788828649
Guadeloupe,Population not found,788828762
French Guiana,Population not found,788828802
French Guiana,Population not found,788830652
French Guiana,Population not found,788837401
Cook Island,Population not found,788897273
Cook Island,Population not found,788897549
Cook Island,Population not found,788898457
Cook Island,Population not found,788899523
Palestinian Territory,Population not found,788953220
Montserratian,Population not found,788976365
Palestinian Territory,Population not found,788988278
French Guiana,Population not found,789009266
Faroese,Population not found,789029085
Abkhazia,Population not found,789039267
Carniolan,Population not found,789072979
Czech Republic,Population not found,789102318
Cape Colony,Population not found,789120101
Palestinian Territory,Population not found,789228790
Cape Colony,Population not found,789258720
Carniolan,Population not found,789263095
Carniolan,Population not found,789273199
Faroese,Population not found,789306157
Faroese,Population not found,789307497
Faroese,Population not found,789307569
Faroese,Population not found,789307632
Faroese,Population not found,789308387
Faroese,Population not found,789308554
Faroese,Population not found,789310556
Chechen,Population not found,789327678
Chechen,Population not found,789328171
Ossetian,Population not found,789328182
Dagestani,Population not found,789329935
French Guiana,Population not found,789340739
"Congo, Dem. Rep. of",Population not found,789437538
Ivorian,Population not found,789476691
"Congo, Dem. Rep. of",Population not found,789487250
Rhodesian,Population not found,789545107
Czech Republic,Population not found,789546047
Czech Republic,Population not found,789546066
Czech Republic,Population not found,789546079
Czech Republic,Population not found,789546102
Czech Republic,Population not found,789546147
Hondura,Population not found,789599196
Hondura,Population not found,789599235
Hondura,Population not found,789599241
Hondura,Population not found,789599248
Hondura,Population not found,789599260
Hondura,Population not found,789599265
Hondura,Population not found,789599272
Hondura,Population not found,789599288
Hondura,Population not found,789599294
Hondura,Population not found,789599300
Hondura,Population not found,789599316
Hondura,Population not found,789599319
Hondura,Population not found,789599323
Hondura,Population not found,789599331
Hondura,Population not found,789599336
Hondura,Population not found,789599343
Hondura,Population not found,789599348
Hondura,Population not found,789599355
Hondura,Population not found,789599360
Hondura,Population not found,789599369
Hondura,Population not found,789599374
Hondura,Population not found,789599381
Hondura,Population not found,789599388
Hondura,Population not found,789599393
Hondura,Population not found,789599398
Hondura,Population not found,789599401
Hondura,Population not found,789599406
Hondura,Population not found,789599415
Hondura,Population not found,789599418
Hondura,Population not found,789599427
Hondura,Population not found,789599429
Hondura,Population not found,789599434
Hondura,Population not found,789599444
Hondura,Population not found,789599449
Hondura,Population not found,789599455
Hondura,Population not found,789599463
Hondura,Population not found,789599476
Hondura,Population not found,789599485
Hondura,Population not found,789599488
Hondura,Population not found,789599496
Hondura,Population not found,789599506
Hondura,Population not found,789599509
Hondura,Population not found,789599513
Hondura,Population not found,789599522
Hondura,Population not found,789599528
Hondura,Population not found,789599532
Hondura,Population not found,789599542
Hondura,Population not found,789599547
Hondura,Population not found,789599561
Hondura,Population not found,789599562
Hondura,Population not found,789599568
Hondura,Population not found,789599570
Hondura,Population not found,789599575
Hondura,Population not found,789599581
Hondura,Population not found,789599586
Hondura,Population not found,789599589
Hondura,Population not found,789599594
Hondura,Population not found,789599607
Hondura,Population not found,789599609
Hondura,Population not found,789599615
Hondura,Population not found,789599618
Hondura,Population not found,789599620
Hondura,Population not found,789600726
Hondura,Population not found,789600760
Hondura,Population not found,789600953
Hondura,Population not found,789600975
Hondura,Population not found,789601015
Hondura,Population not found,789601536
Cape Colony,Population not found,789675927
Carniolan,Population not found,789681987
Rhodesian,Population not found,789689591
Faroese,Population not found,789708924
Jersey,Population not found,789753704
Jersey,Population not found,789753711
Saint Vincent and the Grenadines,Population not found,789761357
Omani,Population not found,789761641
Saint Lucian,Population not found,789789654
Abkhazia,Population not found,789818648
Abkhazia,Population not found,789818730
Martinique,Population not found,789854706
"Congo, Dem. Rep. of",Population not found,789898887
Montserratian,Population not found,789918293
Guernsey,Population not found,789938377
French Guiana,Population not found,789939904
French Guiana,Population not found,789940008
Chechen,Population not found,789949907
South Ossetian,Population not found,789950396
Palauan,Population not found,789983618
Rhodesian,Population not found,790010191
Swaziland,Population not found,790010530
Swaziland,Population not found,790010540
Swaziland,Population not found,790010556
Swaziland,Population not found,790010558
Swaziland,Population not found,790010563
Swaziland,Population not found,790010573
Swaziland,Population not found,790010577
Swaziland,Population not found,790010578
Swaziland,Population not found,790010579
Swaziland,Population not found,790010705
Swaziland,Population not found,790010716
Swaziland,Population not found,790010723
Swaziland,Population not found,790010729
Swaziland,Population not found,790010732
Swaziland,Population not found,790010783
Swaziland,Population not found,790010820
Palauan,Population not found,790011394
Swaziland,Population not found,790090661
Guadeloupe,Population not found,790100830
South Korean,Population not found,790178486
South Korean,Population not found,790178940
South Korean,Population not found,790179508
South Korean,Population not found,790180349
Carniolan,Population not found,790213148
Ivorian,Population not found,790279945
"Congo, Dem. Rep. of",Population not found,790305725
Czech Republic,Population not found,790372008
Palauan,Population not found,790410665
Hondura,Population not found,790412309
Hondura,Population not found,790412332
Saint Lucian,Population not found,790422420
Palauan,Population not found,790423026
South Korean,Population not found,790471224
Jersey,Population not found,790484914
"Congo, Dem. Rep. of",Population not found,790586686
Czech Republic,Population not found,790608148
Czech Republic,Population not found,790608180
Czech Republic,Population not found,790608186
Montserratian,Population not found,790614135
Swaziland,Population not found,790636139
Tokelauan,Population not found,790644183
Tokelauan,Population not found,790644216
Tokelauan,Population not found,790644404
Tokelauan,Population not found,790647368
Palestinian Territory,Population not found,790695172
Palestinian Territory,Population not found,790721748
"Congo, Dem. Rep. of",Population not found,790738130
Czech Republic,Population not found,790838510
Pitcairn Islands,Population not found,790881651
"Congo, Dem. Rep. of",Population not found,790942655
"Congo, Dem. Rep. of",Population not found,791074307
Guernsey,Population not found,791169532
Ivorian,Population not found,791177695
Pitcairn Islands,Population not found,791265995
Czech Republic,Population not found,791374581
South Korean,Population not found,791389950
Guadeloupe,Population not found,791685556
Guadeloupe,Population not found,791685684
French Guiana,Population not found,791685731
French Guiana,Population not found,791685933
Chechen,Population not found,791803238
Salvadoran,Population not found,791821555
Palestinian Territory,Population not found,791881528
Samoan,Population not found,791884820
Hondura,Population not found,791906998
Hondura,Population not found,791907048
Salvadoran,Population not found,791907279
Salvadoran,Population not found,791907345
Salvadoran,Population not found,791911972
Montserratian,Population not found,791981452
Somaliland,Population not found,792010538
"Congo, Dem. Rep. of",Population not found,792037043
South Korean,Population not found,792037093
Hondura,Population not found,792070727
Cape Colony,Population not found,792178662
Salvadoran,Population not found,792385744
Saint Kitts and Nevis,Population not found,792406694
Czech Republic,Population not found,792417439
Guernsey,Population not found,792424069
Czech Republic,Population not found,792476721
Jersey,Population not found,792567273
Faroese,Population not found,792595685
Palestinian Territory,Population not found,792611747
Palestinian Territory,Population not found,792615206
Dagestani,Population not found,792949749
French Guiana,Population not found,793002652
South African Republic,Population not found,793010122
Czech Republic,Population not found,793087579
Samoan,Population not found,793129536
Hondura,Population not found,793178396
Hondura,Population not found,793179072
Hondura,Population not found,793183704
Salvadoran,Population not found,793184472
Jersey,Population not found,793221391
East Timorese,Population not found,793270640
Faroese,Population not found,793276089
Faroese,Population not found,793277402
Guadeloupe,Population not found,793286976
Samoan,Population not found,793294077
Guadeloupe,Population not found,793353218
Faroese,Population not found,793353435
Guernsey,Population not found,793355768
Faroese,Population not found,793394960
Jersey,Population not found,793405839
"Congo, Dem. Rep. of",Population not found,793411567
Swaziland,Population not found,793428048
East Timorese,Population not found,793454583
French Guiana,Population not found,793613477
Salvadoran,Population not found,793642670
Czech Republic,Population not found,793642926
Cape Colony,Population not found,793643575
Ivorian,Population not found,793682835
Palestinian Territory,Population not found,793718428
Montserratian,Population not found,793896767
Samoan,Population not found,793926721
Salvadoran,Population not found,794052085
Guadeloupe,Population not found,794067588
"Congo, Dem. Rep. of",Population not found,794072384
"Congo, Dem. Rep. of",Population not found,794134715
Czech Republic,Population not found,794146543
Palestinian Territory,Population not found,794170874
Chechen,Population not found,794171049
Cape Colony,Population not found,794193433
Ivorian,Population not found,794194775
Samoan,Population not found,794202189
Cape Colony,Population not found,794346758
Salvadoran,Population not found,794459622
Palestinian Territory,Population not found,794482018
Hondura,Population not found,794482135
Rhodesian,Population not found,794528943
Salvadoran,Population not found,794561394
South African Republic,Population not found,794593079
Omani,Population not found,794599835
South Korean,Population not found,794638210
Cape Colony,Population not found,794705198
Omani,Population not found,794725141
Saint Kitts and Nevis,Population not found,794794927
Cook Island,Population not found,794802546
Cook Island,Population not found,794802590
Chechen,Population not found,794893770
Pitcairn Islands,Population not found,794905581
French Guiana,Population not found,794908987
Salvadoran,Population not found,794988963
Czech Republic,Population not found,794995687
Palestinian Territory,Population not found,795004000
Jersey,Population not found,795069319
Czech Republic,Population not found,795098385
Palauan,Population not found,795139723
Saint Vincent and the Grenadines,Population not found,795283194
Saint Vincent and the Grenadines,Population not found,795343481
Rhodesian,Population not found,795348776
Rhodesian,Population not found,795369277
Czech Republic,Population not found,795377941
Rhodesian,Population not found,795483112
South Korean,Population not found,795546187
South Korean,Population not found,795546191
South Korean,Population not found,795546228
South Korean,Population not found,795546245
South Korean,Population not found,795546256
Salvadoran,Population not found,795573859
Cape Colony,Population not found,795625420
Tokelauan,Population not found,795631781
Tokelauan,Population not found,795633170
Palestinian Territory,Population not found,795648388
Pitcairn Islands,Population not found,795649021
South Ossetian,Population not found,795669553
Jersey,Population not found,795676915
Hondura,Population not found,795765167
Czech Republic,Population not found,795807571
Czech Republic,Population not found,795809115
Saint Kitts and Nevis,Population not found,796076948
Jersey,Population not found,796095584
"Congo, Dem. Rep. of",Population not found,796099032
Palestinian Territory,Population not found,796124047
Salvadoran,Population not found,796131598
Faroese,Population not found,796170338
Jersey,Population not found,796170389
Faroese,Population not found,796170437
Hondura,Population not found,796180350
Pitcairn Islands,Population not found,796203049
Pitcairn Islands,Population not found,796203180
Pitcairn Islands,Population not found,796203252
Czech Republic,Population not found,796253432
Swaziland,Population not found,796256782
Hondura,Population not found,796291215
Samoan,Population not found,796309750
Cape Colony,Population not found,796352977
Samoan,Population not found,796377891
Czech Republic,Population not found,796403608
Pitcairn Islands,Population not found,796592041
Hondura,Population not found,796597000
Hondura,Population not found,796635107
Cape Colony,Population not found,796646347
Palestinian Territory,Population not found,796697881
Hondura,Population not found,796709335
East Timorese,Population not found,796722416
Niuean,Population not found,796747380
Czech Republic,Population not found,796749458
Czech Republic,Population not found,796751775
Czech Republic,Population not found,796752629
Czech Republic,Population not found,796825099
East Timorese,Population not found,796886084
Dagestani,Population not found,796896055
Palestinian Territory,Population not found,796911861
Palestinian Territory,Population not found,796924085
Ossetian,Population not found,796950389
Palestinian Territory,Population not found,796961464
Palestinian Territory,Population not found,797021613
Cape Colony,Population not found,797029963
East Timorese,Population not found,797040695
Saint Kitts and Nevis,Population not found,797053483
Palestinian Territory,Population not found,797122322
Salvadoran,Population not found,797151261
Ivorian,Population not found,797168824
Chechen,Population not found,797214106
Pitcairn Islands,Population not found,797221428
Chechen,Population not found,797258871
East Timorese,Population not found,797279277
Cook Island,Population not found,797303432
Cook Island,Population not found,797303508
Cook Island,Population not found,797303536
Rhodesian,Population not found,797314307
"Congo, Dem. Rep. of",Population not found,797348410
Hondura,Population not found,797385790
Rhodesian,Population not found,797407618
"Congo, Dem. Rep. of",Population not found,797435100
East Timorese,Population not found,797438594
"Congo, Dem. Rep. of",Population not found,797446004
Faroese,Population not found,797450160
Faroese,Population not found,797493287
Faroese,Population not found,797493405
Swaziland,Population not found,797494822
Hondura,Population not found,797499354
Czech Republic,Population not found,797539957
Rhodesian,Population not found,797546082
Hondura,Population not found,797677168
Hondura,Population not found,797684912
Jersey,Population not found,797693636
Cape Colony,Population not found,797735815
Ivorian,Population not found,797736207
Ivorian,Population not found,797737768
Jersey,Population not found,797746493
Niuean,Population not found,797757076
Saint Kitts and Nevis,Population not found,797760842
Saint Lucian,Population not found,797760898
Saint Vincent and the Grenadines,Population not found,797760926
Samoan,Population not found,797760961
Omani,Population not found,797805284
South Korean,Population not found,797806095
Palestinian Territory,Population not found,797806716
South Ossetian,Population not found,797825875
Czech Republic,Population not found,797842545
Palauan,Population not found,797884160
Swaziland,Population not found,797904256
Saint Lucian,Population not found,797914672
Saint Lucian,Population not found,797914793
Omani,Population not found,797947292
Saint Lucian,Population not found,797970479
Cape Colony,Population not found,797978795
Palestinian Territory,Population not found,798100387
Saint Lucian,Population not found,798164824
Cape Colony,Population not found,798165649
Saint Lucian,Population not found,798165675
Samoan,Population not found,798166885
Samoan,Population not found,798166951
"Congo, Dem. Rep. of",Population not found,798185563
East Timorese,Population not found,798242613
Jersey,Population not found,798244483
Palestinian Territory,Population not found,798262559
Montserratian,Population not found,798265888
Palestinian Territory,Population not found,798282902
South Korean,Population not found,798295710
Salvadoran,Population not found,798306895
Guernsey,Population not found,798315235
Palestinian Territory,Population not found,798331360
East Timorese,Population not found,798334210
Cape Colony,Population not found,798383131
Rhodesian,Population not found,798384751
Hondura,Population not found,798394355
Hondura,Population not found,798401950
Swaziland,Population not found,798454144
"Congo, Dem. Rep. of",Population not found,798455633
Hondura,Population not found,798460200
Salvadoran,Population not found,798460321
Saint Lucian,Population not found,798468800
"Congo, Dem. Rep. of",Population not found,798489264
Czech Republic,Population not found,798490261
Rhodesian,Population not found,798492985
Samoan,Population not found,798494387
Chechen,Population not found,798580067
South Korean,Population not found,798611948
Abkhazia,Population not found,798644673
Czech Republic,Population not found,798648973
Czech Republic,Population not found,798686948
Somaliland,Population not found,798692052
Czech Republic,Population not found,798705619
Palestinian Territory,Population not found,798732432
Cape Colony,Population not found,798742813
Saint Kitts and Nevis,Population not found,798766032
Czech Republic,Population not found,798796793
Samoan,Population not found,798807561
"Congo, Dem. Rep. of",Population not found,798859637
Saint Vincent and the Grenadines,Population not found,798864996
Salvadoran,Population not found,798896224
Palestinian Territory,Population not found,798913975
Czech Republic,Population not found,798944631
"Congo, Dem. Rep. of",Population not found,798948484
East Timorese,Population not found,798969127
Palestinian Territory,Population not found,799023109
Palestinian Territory,Population not found,799023535
Saint Lucian,Population not found,799034545
"Congo, Dem. Rep. of",Population not found,799044574
East Timorese,Population not found,799059687
Ivorian,Population not found,799061508
Palestinian Territory,Population not found,799072017
South Korean,Population not found,799083872
Palestinian Territory,Population not found,799209138
Tokelauan,Population not found,799209983
Hondura,Population not found,799220342
Hondura,Population not found,799300330
Czech Republic,Population not found,799301686
Montserratian,Population not found,799317293
"Congo, Dem. Rep. of",Population not found,799328311
"Congo, Dem. Rep. of",Population not found,799328685
"Congo, Dem. Rep. of",Population not found,799331221
Rhodesian,Population not found,799332728
South Ossetian,Population not found,799335775
Saint Kitts and Nevis,Population not found,799339256
Hondura,Population not found,799341541
Cape Colony,Population not found,799373837
Cape Colony,Population not found,799472552
Ivorian,Population not found,799484902
Jersey,Population not found,799514955
"Congo, Dem. Rep. of",Population not found,799533831
Omani,Population not found,799540696
Rhodesian,Population not found,799548505
Rhodesian,Population not found,799548556
Pitcairn Islands,Population not found,799551777
Pitcairn Islands,Population not found,799551778
Pitcairn Islands,Population not found,799551779
Pitcairn Islands,Population not found,799551780
Pitcairn Islands,Population not found,799551784
East Timorese,Population not found,799570306
Rhodesian,Population not found,799608339
Abkhazia,Population not found,799618550
Cook Island,Population not found,799769949
Palestinian Territory,Population not found,799802471
Saint Lucian,Population not found,799842307
Palestinian Territory,Population not found,799858795
Ivorian,Population not found,799873303
"Congo, Dem. Rep. of",Population not found,799913697
Salvadoran,Population not found,799918049
"Congo, Dem. Rep. of",Population not found,799930121
Saint Kitts and Nevis,Population not found,799930780
South Korean,Population not found,799945764
Palestinian Territory,Population not found,800067783
"Congo, Dem. Rep. of",Population not found,800087105
Ivorian,Population not found,800116906
Pitcairn Islands,Population not found,800137512
Cape Colony,Population not found,800159179
Hondura,Population not found,800166969
Ivorian,Population not found,800169882
Saint Vincent and the Grenadines,Population not found,800257111
South Korean,Population not found,800258105
Palestinian Territory,Population not found,800264686
Palestinian Territory,Population not found,800268417
"Congo, Dem. Rep. of",Population not found,800298783
Rhodesian,Population not found,800407772
Rhodesian,Population not found,800416336
Salvadoran,Population not found,800478736
Rhodesian,Population not found,800479460
South African Republic,Population not found,800488968
"Congo, Dem. Rep. of",Population not found,800537411
Czech Republic,Population not found,800555146
Hondura,Population not found,800643446
Swaziland,Population not found,800650407
Palestinian Territory,Population not found,800663648
Saint Lucian,Population not found,800680583
Saint Lucian,Population not found,800696547
Jersey,Population not found,800714278
Palestinian Territory,Population not found,800718761
Faroese,Population not found,800723683
Palestinian Territory,Population not found,800748567
Ivorian,Population not found,800750399
Czech Republic,Population not found,800754664
Cape Colony,Population not found,800767317
Saint Vincent and the Grenadines,Population not found,800881284
Czech Republic,Population not found,800883412
South Korean,Population not found,800896932
South Korean,Population not found,800896981
Czech Republic,Population not found,800925236
Czech Republic,Population not found,800925518
Palestinian Territory,Population not found,800949001
Rhodesian,Population not found,800986051
Chechen,Population not found,801036587
Samoan,Population not found,801057378
Saint Lucian,Population not found,801070713
South Ossetian,Population not found,801087048
Saint Lucian,Population not found,801096569
Palestinian Territory,Population not found,801102332
"Congo, Dem. Rep. of",Population not found,801107444
"Congo, Dem. Rep. of",Population not found,801110165
"Congo, Dem. Rep. of",Population not found,801112469
Samoan,Population not found,801142102
Jersey,Population not found,801172575
Montserratian,Population not found,801175821
Samoan,Population not found,801175876
Pitcairn Islands,Population not found,801175970
Samoan,Population not found,801182300
Samoan,Population not found,801186581
Hondura,Population not found,801194944
Samoan,Population not found,801213484
Palestinian Territory,Population not found,801214518
Saint Lucian,Population not found,801276622
Ivorian,Population not found,801282263
Jersey,Population not found,801284949
Saint Vincent and the Grenadines,Population not found,801288101
Palestinian Territory,Population not found,801299475
Martinique,Population not found,801319110
Palestinian Territory,Population not found,801335922
"Congo, Dem. Rep. of",Population not found,801348128
Cape Colony,Population not found,801351302
Omani,Population not found,801364408
Tokelauan,Population not found,801375710
Hondura,Population not found,801414837
Cape Colony,Population not found,801417570
Hondura,Population not found,801499755
Palestinian Territory,Population not found,801507800
South Ossetian,Population not found,801560549
Saint Lucian,Population not found,801563305
Samoan,Population not found,801564093
Samoan,Population not found,801570141
Incan,Population not found,801587917
Tokelauan,Population not found,801630990
Faroese,Population not found,801638146
Rhodesian,Population not found,801716406
Rhodesian,Population not found,801718040
Samoan,Population not found,801746626
"Congo, Dem. Rep. of",Population not found,801770255
Rhodesian,Population not found,801795215
Cape Colony,Population not found,801856640
Palestinian Territory,Population not found,801867039
Rhodesian,Population not found,801876681
South African Republic,Population not found,801877418
Cape Colony,Population not found,801935094
"Congo, Dem. Rep. of",Population not found,801936063
Czech Republic,Population not found,801939668
Samoan,Population not found,801944573
"Congo, Dem. Rep. of",Population not found,801968131
Czech Republic,Population not found,801972898
Hondura,Population not found,802009929
Samoan,Population not found,802011301
Czech Republic,Population not found,802013967
Abkhazia,Population not found,802029007
Ivorian,Population not found,802048749
Czech Republic,Population not found,802054500
Czech Republic,Population not found,802055280
Czech Republic,Population not found,802060218
Czech Republic,Population not found,802060471
Czech Republic,Population not found,802069244
East Timorese,Population not found,802072802
Salvadoran,Population not found,802075785
Palestinian Territory,Population not found,802082257
Swaziland,Population not found,802149787
Rhodesian,Population not found,802151785
"Congo, Dem. Rep. of",Population not found,802154801
"Congo, Dem. Rep. of",Population not found,802197658
Samoan,Population not found,802218035
Saint Kitts and Nevis,Population not found,802273418
Palestinian Territory,Population not found,802302873
Omani,Population not found,802317488
Czech Republic,Population not found,802360196
Czech Republic,Population not found,802365998
Ivorian,Population not found,802374350
Guernsey,Population not found,802409654
"Congo, Dem. Rep. of",Population not found,802411491
Czech Republic,Population not found,802416926
Palestinian Territory,Population not found,802436402
Palestinian Territory,Population not found,802436510
Palestinian Territory,Population not found,802436655
Palestinian Territory,Population not found,802438226
Palestinian Territory,Population not found,802444446
Faroese,Population not found,802476681
Palestinian Territory,Population not found,802495061
Faroese,Population not found,802515495
Czech Republic,Population not found,802531379
Jersey,Population not found,802532217
Palestinian Territory,Population not found,802598153
Martinique,Population not found,802657786
Chechen,Population not found,802665757
South Korean,Population not found,802728876
East Timorese,Population not found,802765398
Czech Republic,Population not found,802834939
Palestinian Territory,Population not found,802835604
Samoan,Population not found,802850235
Czech Republic,Population not found,802875800
South Ossetian,Population not found,802882186
Ivorian,Population not found,802893546
Ivorian,Population not found,802893568
Ivorian,Population not found,802904214
Jersey,Population not found,802912550
Faroese,Population not found,802925425
Rhodesian,Population not found,802930161
Salvadoran,Population not found,802944082
Chechen,Population not found,802950350
Hondura,Population not found,802955117
South Korean,Population not found,802955917
Palestinian Territory,Population not found,802968215
Abkhazia,Population not found,803018106
East Timorese,Population not found,803043434
Faroese,Population not found,803145744
Chechen,Population not found,803177211
Cape Colony,Population not found,803177433
Palestinian Territory,Population not found,803242304
Cape Colony,Population not found,803288472
Cape Colony,Population not found,803303116
Czech Republic,Population not found,803332354
"Congo, Dem. Rep. of",Population not found,803335436
South Korean,Population not found,803383030
Niuean,Population not found,803392432
Jersey,Population not found,803416400
"Congo, Dem. Rep. of",Population not found,803421580
Palestinian Territory,Population not found,803433440
Czech Republic,Population not found,803438779
Chechen,Population not found,803469952
Incan,Population not found,803601556
Dagestani,Population not found,803611453
East Timorese,Population not found,803615826
Cape Colony,Population not found,803618569
Rhodesian,Population not found,803620246
Faroese,Population not found,803656387
Czech Republic,Population not found,803658529
East Timorese,Population not found,803664269
Salvadoran,Population not found,803674894
Czech Republic,Population not found,803709959
Saint Lucian,Population not found,803737879
Czech Republic,Population not found,803793256
Czech Republic,Population not found,803794383
Hondura,Population not found,803808871
Ivorian,Population not found,803820918
Ivorian,Population not found,803821448
Hondura,Population not found,803835401
Hondura,Population not found,803835755
Hondura,Population not found,803836305
Hondura,Population not found,803836472
Hondura,Population not found,803836551
South Korean,Population not found,803838269
Cape Colony,Population not found,803908887
Saint Lucian,Population not found,803917686
Salvadoran,Population not found,803927035
Omani,Population not found,803929525
Ivorian,Population not found,803941004
East Timorese,Population not found,803969836
Czech Republic,Population not found,803983301
Niuean,Population not found,804027488
Rhodesian,Population not found,804040348
Palestinian Territory,Population not found,804075706
Saint Kitts and Nevis,Population not found,804081241
Czech Republic,Population not found,804093764
Rhodesian,Population not found,804101492
Ivorian,Population not found,804108433
Hondura,Population not found,804127803
Hondura,Population not found,804127877
Hondura,Population not found,804128734
Hondura,Population not found,804129698
Hondura,Population not found,804130200
Hondura,Population not found,804130440
Hondura,Population not found,804131272
Hondura,Population not found,804131604
Hondura,Population not found,804131948
Palestinian Territory,Population not found,804132518
Hondura,Population not found,804133123
Hondura,Population not found,804133555
Salvadoran,Population not found,804134156
Hondura,Population not found,804138803
Hondura,Population not found,804139010
Hondura,Population not found,804139208
Hondura,Population not found,804139258
Hondura,Population not found,804139730
Hondura,Population not found,804139800
Hondura,Population not found,804139868
Hondura,Population not found,804140099
Hondura,Population not found,804140159
Hondura,Population not found,804140314
Hondura,Population not found,804140447
Somaliland,Population not found,804143605
Saint Vincent and the Grenadines,Population not found,804164057
"Congo, Dem. Rep. of",Population not found,804197745
South African Republic,Population not found,804250196
Chechen,Population not found,804275742
Chechen,Population not found,804276832
Chechen,Population not found,804276940
Cape Colony,Population not found,804277547
Chechen,Population not found,804277603
Chechen,Population not found,804277842
Chechen,Population not found,804279009
Chechen,Population not found,804279119
Chechen,Population not found,804279165
Chechen,Population not found,804279341
Palestinian Territory,Population not found,804292510
Samoan,Population not found,804303257
"Congo, Dem. Rep. of",Population not found,804359582
Cape Colony,Population not found,804362436
Jersey,Population not found,804372746
Samoan,Population not found,804379271
Samoan,Population not found,804379277
Faroese,Population not found,804422035
French Guiana,Population not found,804473743
Cape Colony,Population not found,804497413
Incan,Population not found,804527512
Salvadoran,Population not found,804528819
Guernsey,Population not found,804532628
Salvadoran,Population not found,804538892
Chechen,Population not found,804557776
Czech Republic,Population not found,804569724
Czech Republic,Population not found,804582256
"Congo, Dem. Rep. of",Population not found,804587534
Hondura,Population not found,804587565
Czech Republic,Population not found,804591494
Salvadoran,Population not found,804606321
Ossetian,Population not found,804609656
Ossetian,Population not found,804609900
Rhodesian,Population not found,804650400
Swaziland,Population not found,804656330
"Congo, Dem. Rep. of",Population not found,804709167
South African Republic,Population not found,804713000
Czech Republic,Population not found,804715205
Czech Republic,Population not found,804715467
Rhodesian,Population not found,804743937
Rhodesian,Population not found,804806363
Salvadoran,Population not found,804809409
South Korean,Population not found,804816596
South Korean,Population not found,804817210
Czech Republic,Population not found,804820949
Saint Kitts and Nevis,Population not found,804862608
Czech Republic,Population not found,804868436
Czech Republic,Population not found,804869147
Czech Republic,Population not found,804871394
Rhodesian,Population not found,804877226
Czech Republic,Population not found,804879673
Palestinian Territory,Population not found,804914588
Palestinian Territory,Population not found,804940228
Saint Kitts and Nevis,Population not found,804942241
"Congo, Dem. Rep. of",Population not found,804943836
Palestinian Territory,Population not found,804957442
South Korean,Population not found,804962117
South Korean,Population not found,804962160
South Korean,Population not found,804962170
East Timorese,Population not found,804966906
South Korean,Population not found,804968129
South Korean,Population not found,804968364
South Korean,Population not found,804968483
South Korean,Population not found,804971432
South Korean,Population not found,804971477
South Korean,Population not found,804971686
South Korean,Population not found,804971888
South Korean,Population not found,804972263
Salvadoran,Population not found,804991452
Czech Republic,Population not found,805037426
"Congo, Dem. Rep. of",Population not found,805038023
Ivorian,Population not found,805044583
South Korean,Population not found,805053478
Hondura,Population not found,805055004
Abkhazia,Population not found,805063877
Czech Republic,Population not found,805084705
"Congo, Dem. Rep. of",Population not found,805086693
Jersey,Population not found,805135198
Jersey,Population not found,805136001
Jersey,Population not found,805136113
Jersey,Population not found,805136184
Cape Colony,Population not found,805157563
South Korean,Population not found,805158721
Czech Republic,Population not found,805176779
Czech Republic,Population not found,805179298
East Timorese,Population not found,805183458
Hondura,Population not found,805248828
"Congo, Dem. Rep. of",Population not found,805279692
South Korean,Population not found,805293256
Palestinian Territory,Population not found,805306238
Palestinian Territory,Population not found,805321868
Czech Republic,Population not found,805352758
Salvadoran,Population not found,805353238
"Congo, Dem. Rep. of",Population not found,805368981
Rhodesian,Population not found,805372073
Czech Republic,Population not found,805439919
Palestinian Territory,Population not found,805441005
Salvadoran,Population not found,805474907
Incan,Population not found,805475200
Jersey,Population not found,805499715
"Congo, Dem. Rep. of",Population not found,805523382
Saint Lucian,Population not found,805577053
Hondura,Population not found,805625721
Cook Island,Population not found,805657875
Cape Colony,Population not found,805678535
Guernsey,Population not found,805755298
Abkhazia,Population not found,805775169
Chechen,Population not found,805794113
Palestinian Territory,Population not found,805811873
Czech Republic,Population not found,805824502
"Congo, Dem. Rep. of",Population not found,805835265
Somaliland,Population not found,805840190
Chechen,Population not found,805869321
Rojava,Population not found,805873719
Rojava,Population not found,805873803
"Congo, Dem. Rep. of",Population not found,805923394
South African Republic,Population not found,805927999
Saint Lucian,Population not found,805945778
Czech Republic,Population not found,805946007
South Korean,Population not found,805956890
Rhodesian,Population not found,805960143
Palauan,Population not found,805961817
Cape Colony,Population not found,805962015
Abkhazia,Population not found,805967589
Hondura,Population not found,805984131
South Korean,Population not found,805991409
Salvadoran,Population not found,806010405
Faroese,Population not found,806011231
Czech Republic,Population not found,806049453
Samoan,Population not found,806055721
Salvadoran,Population not found,806057984
"Congo, Dem. Rep. of",Population not found,806071312
South Korean,Population not found,806073279
South Korean,Population not found,806073996
Czech Republic,Population not found,806085100
Salvadoran,Population not found,806101149
South Korean,Population not found,806124709
East Timorese,Population not found,806140876
South Korean,Population not found,806145466
Rhodesian,Population not found,806153816
Hondura,Population not found,806178799
South Korean,Population not found,806182207
South Korean,Population not found,806184478
"Congo, Dem. Rep. of",Population not found,806189185
"Congo, Dem. Rep. of",Population not found,806189633
Ivorian,Population not found,806218350
Czech Republic,Population not found,806231200
Tokelauan,Population not found,806257719
Tokelauan,Population not found,806258588
Ivorian,Population not found,806287770
South Korean,Population not found,806319565
Cape Colony,Population not found,806340214
Palestinian Territory,Population not found,806359448
"Congo, Dem. Rep. of",Population not found,806372703
"Congo, Dem. Rep. of",Population not found,806383479
South Korean,Population not found,806399005
Saint Lucian,Population not found,806408228
Montserratian,Population not found,806415676
Ivorian,Population not found,806421729
Martinique,Population not found,806431975
South Korean,Population not found,806439224
South Korean,Population not found,806462613
Czech Republic,Population not found,806490518
Czech Republic,Population not found,806504904
South Korean,Population not found,806511942
South Korean,Population not found,806512047
"Congo, Dem. Rep. of",Population not found,806524828
Rhodesian,Population not found,806532780
Czech Republic,Population not found,806537585
Czech Republic,Population not found,806538241
Czech Republic,Population not found,806538320
Czech Republic,Population not found,806539480
"Congo, Dem. Rep. of",Population not found,806545614
Guadeloupe,Population not found,806546383
South Korean,Population not found,806555857
Czech Republic,Population not found,806558617
Greenlandic,Population not found,806560929
Czech Republic,Population not found,806566913
Czech Republic,Population not found,806569308
Czech Republic,Population not found,806586185
South Korean,Population not found,806590508
Czech Republic,Population not found,806636602
Cape Colony,Population not found,806647373
Czech Republic,Population not found,806650264
Omani,Population not found,806665440
Niuean,Population not found,806666816
Czech Republic,Population not found,806669645
Czech Republic,Population not found,806669709
Czech Republic,Population not found,806669752
Czech Republic,Population not found,806672899
Czech Republic,Population not found,806673245
Czech Republic,Population not found,806673585
Czech Republic,Population not found,806708361
Czech Republic,Population not found,806708532
Czech Republic,Population not found,806720477
Czech Republic,Population not found,806729653
Montserratian,Population not found,806730593
Salvadoran,Population not found,806731535
Cook Island,Population not found,806739780
South Korean,Population not found,806749773
Czech Republic,Population not found,806751902
Incan,Population not found,806761543
Hondura,Population not found,806796619
South Korean,Population not found,806801805
Ossetian,Population not found,806832826
South Korean,Population not found,806846283
Czech Republic,Population not found,806850638
South Korean,Population not found,806852494
Hondura,Population not found,806875293
Czech Republic,Population not found,806876791
Czech Republic,Population not found,806900987
Omani,Population not found,806904421
Faroese,Population not found,806909915
Palestinian Territory,Population not found,806939531
"Congo, Dem. Rep. of",Population not found,806947596
Hondura,Population not found,806948506
Salvadoran,Population not found,806958982
Ivorian,Population not found,806973935
Czech Republic,Population not found,806988445
Czech Republic,Population not found,806991412
South Korean,Population not found,807021657
South Korean,Population not found,807029190
South Korean,Population not found,807057020
Czech Republic,Population not found,807058182
South Korean,Population not found,807060237
Rhodesian,Population not found,807097467
Czech Republic,Population not found,807102237
South Korean,Population not found,807122658
South Korean,Population not found,807142261
Ivorian,Population not found,807159456
Rhodesian,Population not found,807159903
Rhodesian,Population not found,807160082
Swaziland,Population not found,807175486
Salvadoran,Population not found,807175924
Samoan,Population not found,807177019
Chechen,Population not found,807180397
"Congo, Dem. Rep. of",Population not found,807193274
Saint Lucian,Population not found,807198874
Salvadoran,Population not found,807210786
"Congo, Dem. Rep. of",Population not found,807243537
"Congo, Dem. Rep. of",Population not found,807258156
South African Republic,Population not found,807269619
"Congo, Dem. Rep. of",Population not found,807273861
Rhodesian,Population not found,807283218
Cape Colony,Population not found,807290539
Ivorian,Population not found,807296683
Faroese,Population not found,807297374
Cape Colony,Population not found,807330872
Czech Republic,Population not found,807333095
Czech Republic,Population not found,807334610
Czech Republic,Population not found,807334657
Czech Republic,Population not found,807353609
Chechen,Population not found,807354708
Czech Republic,Population not found,807358143
Palestinian Territory,Population not found,807364845
Czech Republic,Population not found,807382193
Czech Republic,Population not found,807394304
Czech Republic,Population not found,807394725
Czech Republic,Population not found,807399097
Cape Colony,Population not found,807401513
South Korean,Population not found,807404528
Czech Republic,Population not found,807415625
Czech Republic,Population not found,807416099
Czech Republic,Population not found,807420515
South Korean,Population not found,807423123
Rhodesian,Population not found,807425613
Rhodesian,Population not found,807425747
Palestinian Territory,Population not found,807439836
Palestinian Territory,Population not found,807444564
Hondura,Population not found,807445333
Hondura,Population not found,807445395
Omani,Population not found,807451487
Chechen,Population not found,807454176
Palestinian Territory,Population not found,807459429
Czech Republic,Population not found,807462107
Palestinian Territory,Population not found,807462818
AFRICA,"1,284",No Articles found
Western Sahara,0.6,No Articles found
Cote d'Ivoire,24.9,No Articles found
"Congo, Dem. Rep.",84.3,No Articles found
eSwatini,1.4,No Articles found
NORTHERN AMERICA,365,No Articles found
LATIN AMERICA AND THE CARIBBEAN,649,No Articles found
El Salvador,6.5,No Articles found
Honduras,9,No Articles found
Curacao,0.2,No Articles found
Puerto Rico,3.3,No Articles found
St. Kitts-Nevis,0.05,No Articles found
Saint Lucia,0.2,No Articles found
St. Vincent and the Grenadines,0.1,No Articles found
ASIA,"4,536",No Articles found
Georgia,3.9,No Articles found
Oman,4.7,No Articles found
Brunei,0.4,No Articles found
Timor-Leste,1.2,No Articles found
EUROPE,746,No Articles found
Czechia,10.6,No Articles found
OCEANIA,41,No Articles found
French Polynesia,0.3,No Articles found
Guam,0.2,No Articles found
New Caledonia,0.3,No Articles found
Palau,0.02,No Articles found
Samoa,0.2,No Articles found
